0,1
lizzo,289
fat,122
like,122
shit,108
fuck,84
ass,78
people,69
get,60
fucking,53
bitch,47
donâ€™t,45
dont,43
im,38
yâ€™all,37
even,34
hate,33
hell,33
damn,31
itâ€™s,31
got,29
good,29
iâ€™m,29
know,29
go,28
body,26
youâ€™re,26
said,25
really,25
love,24
going,24
say,23
think,23
one,23
want,22
time,22
big,21
life,21
bad,20
make,20
would,20
weight,20
shes,19
take,19
thatâ€™s,18
see,18
need,18
little,17
oh,17
stop,17
give,16
women,16
cause,16
hard,16
c,16
doesnâ€™t,15
stupid,15
u,14
someone,14
much,14
something,14
day,13
wanna,13
let,13
lizzoâ€™s,13
right,13
way,13
feel,13
black,13
sheâ€™s,13
girl,12
well,12
man,12
saying,12
says,12
every,12
made,12
better,12
still,12
everyone,12
die,11
eat,11
try,11
gonna,11
actually,11
song,11
bro,11
ugly,11
mean,11
never,11
health,10
bag,10
dick,10
thats,10
god,10
yall,10
trying,10
keep,10
cant,10
men,10
lot,10
also,10
wrong,10
didnt,10
care,9
first,9
yeah,9
fine,9
white,9
yes,9
amp,9
nigga,9
didnâ€™t,9
always,9
talking,9
leave,9
mind,9
us,9
losing,9
come,9
lol,9
pretty,9
nothing,9
songs,9
youre,9
bullshit,9
shaming,9
dumb,9
healthy,9
unhealthy,9
literally,9
mad,9
person,9
e,9
sick,8
ur,8
wtf,8
mom,8
lizzos,8
piece,8
makes,8
sucks,8
work,8
tell,8
asshole,8
thing,8
swear,8
fucked,8
album,8
world,8
skinny,8
making,8
music,8
anything,8
could,8
read,8
beautiful,7
call,7
idiot,7
suck,7
honestly,7
â€,7
things,7
getting,7
bitches,7
understand,7
back,7
alone,7
heard,7
blocked,7
point,7
sure,7
food,7
comments,7
else,7
change,7
whole,7
beat,7
coming,7
least,7
whatever,7
mother,7
ever,7
put,7
holy,7
friend,7
started,7
lose,7
guy,7
years,7
though,7
came,7
show,6
woman,6
girls,6
look,6
racist,6
disgusting,6
another,6
w,6
comment,6
wish,6
iâ€™ll,6
went,6
fun,6
year,6
harry,6
ppl,6
posts,6
told,6
long,6
media,6
cool,6
twitter,6
best,6
idk,6
bc,6
live,6
gets,6
annoying,6
respect,6
reason,6
calling,6
weird,6
shame,6
sending,6
real,6
lmao,6
sorry,6
gay,6
probably,6
face,6
post,6
anyways,6
taking,6
exercise,6
cuz,5
sad,5
money,5
wow,5
shut,5
idiots,5
thinking,5
â€œ,5
business,5
took,5
negative,5
instead,5
hurt,5
hair,5
jealous,5
family,5
feeling,5
deserve,5
watching,5
isnâ€™t,5
doesnt,5
shesofatty,5
today,5
anyone,5
canâ€™t,5
singing,5
guys,5
mfs,5
felt,5
size,5
acting,5
boys,5
since,5
truth,5
hurts,5
use,5
clearly,5
lost,5
ago,5
already,5
american,5
behind,5
sister,5
ok,5
decided,5
message,5
pussy,5
lifestyle,5
feet,5
yo,4
line,4
start,4
many,4
hear,4
cow,4
ğŸ˜‚ğŸ˜‚,4
happy,4
virus,4
social,4
china,4
bash,4
anymore,4
walk,4
thought,4
cute,4
tried,4
yesterday,4
two,4
famous,4
seeing,4
either,4
talk,4
huge,4
voice,4
bout,4
choose,4
blood,4
ainâ€™t,4
celebrities,4
means,4
constantly,4
slaps,4
niggas,4
class,4
remember,4
child,4
tired,4
theyre,4
throw,4
find,4
attractive,4
video,4
boy,4
human,4
assholes,4
less,4
seen,4
talented,4
hates,4
jackieaina,4
society,4
without,4
cardi,4
okay,4
high,4
run,4
rather,4
ya,4
end,4
plus,4
simply,4
absolutely,4
ğŸ¶,4
ğŸµ,4
fit,4
nobody,4
fact,4
theyâ€™re,4
around,4
overweight,4
internet,4
pictures,4
poor,4
blame,4
toxic,4
opinion,4
looks,4
imagine,4
iâ€™ve,4
francesca,4
case,4
help,4
dad,4
insurance,4
haters,3
proud,3
thin,3
question,3
beyonce,3
friends,3
last,3
night,3
fool,3
garbage,3
stay,3
â€œif,3
season,3
ğŸ˜­,3
queen,3
finally,3
self,3
loving,3
happens,3
others,3
news,3
tho,3
grandma,3
ask,3
story,3
bring,3
wanted,3
rude,3
b,3
crazy,3
hella,3
ig,3
ğŸ¥´,3
name,3
flash,3
game,3
dead,3
liking,3
pics,3
thicker,3
play,3
flute,3
definition,3
jeffbezos,3
text,3
outside,3
truly,3
together,3
baby,3
caught,3
smh,3
fake,3
weak,3
fan,3
couldnâ€™t,3
butt,3
school,3
ğŸ¤,3
honey,3
baddest,3
lied,3
ğŸ’‹,3
account,3
boring,3
photos,3
second,3
wants,3
agree,3
rolls,3
female,3
living,3
forget,3
chance,3
attention,3
mf,3
hating,3
ğŸ™„,3
playing,3
goes,3
issues,3
court,3
excess,3
wouldnâ€™t,3
diet,3
fault,3
may,3
support,3
moving,3
perfect,3
ğŸ˜‚,3
fight,3
easy,3
far,3
nice,3
positivity,3
aint,3
single,3
nasty,3
part,3
lil,3
juice,3
hot,3
somebody,3
healthier,3
ğŸ‘,3
genius,3
fans,3
knew,3
listening,3
fr,3
laughing,3
positive,3
thekaylawalker,3
telling,3
called,3
energy,3
great,3
believe,3
pathetic,3
heâ€™s,3
dicks,3
wanting,3
jokes,3
heres,3
k,3
seriously,3
piss,3
hope,3
artists,3
rose,3
away,3
ive,3
bottom,3
stick,3
done,3
head,3
cock,3
shitty,3
turned,3
ten,3
house,3
online,3
home,3
new,3
costs,3
three,3
worst,3
taylor,3
basically,3
hide,3
listen,3
r,3
rights,3
blocking,3
phone,3
brother,3
wonâ€™t,3
contact,3
sisters,3
please,3
sounds,3
wouldâ€™ve,3
happen,3
racism,3
fatphobia,3
straight,3
acceptance,3
kinda,3
fatphobe,3
actions,3
fatphobic,3
excuses,3
attitude,3
doctor,3
twink,3
cum,3
judgmental,3
working,3
sing,2
country,2
doubt,2
park,2
speaking,2
kill,2
babe,2
ğŸ’–,2
bottomless,2
das,2
ist,2
tasche,2
ich,2
brauche,2
ahahah,2
ellecgabrielle,2
x,2
abigailparody,2
bagğŸ˜˜ğŸ’ğŸ’ªğŸ˜,2
ğŸ˜‚ğŸ˜‚ğŸ¤£ğŸ˜‚ğŸ¤£ğŸ¤£,2
ğŸ¤£ğŸ¤£ğŸ¤£ğŸ™ŒğŸ™Œ,2
lindaleeramon,2
ğŸ¤£ğŸ‘ğŸ¤£ğŸ‘ğŸ¤£,2
husband,2
form,2
isnt,2
wear,2
bruh,2
therefore,2
ignorant,2
woke,2
half,2
dream,2
fuckin,2
sign,2
omg,2
livepdnation,2
killed,2
ğŸ¥º,2
babies,2
used,2
group,2
sight,2
nowâ€,2
lmaooo,2
team,2
report,2
dare,2
gun,2
productive,2
broke,2
miserable,2
side,2
defend,2
tiny,2
desk,2
concert,2
sum,2
ğŸ’€,2
via,2
rn,2
tickets,2
rodeo,2
photo,2
gym,2
dude,2
jerome,2
dirty,2
markdice,2
comes,2
red,2
naked,2
dying,2
fattass,2
ğŸ˜ğŸ˜ğŸ˜,2
tf,2
outta,2
rt,2
bastille,2
lick,2
billieeilish,2
hit,2
mute,2
styles,2
ğŸ§,2
obviously,2
comfortable,2
gross,2
preference,2
unnecessary,2
hateful,2
crack,2
noone,2
handle,2
confident,2
boss,2
full,2
negativity,2
ill,2
hater,2
dsrenaissance,2
tradishskinbyrd,2
following,2
bother,2
ğŸ¤®,2
mental,2
pushing,2
agendaâ€™,2
queer,2
reminded,2
cop,2
corny,2
loud,2
n,2
besides,2
looked,2
problem,2
insensitive,2
mcmundooo,2
diabetes,2
heart,2
obsessed,2
pepsi,2
thank,2
past,2
set,2
wouldnt,2
false,2
favor,2
opinions,2
bet,2
shouldnt,2
mamas,2
choice,2
section,2
disgusted,2
picture,2
shaking,2
deserves,2
promote,2
mouth,2
radio,2
whats,2
itty,2
bitty,2
talked,2
jack,2
ed,2
found,2
pressure,2
eye,2
showing,2
eating,2
especially,2
funny,2
apology,2
performed,2
wait,2
nah,2
act,2
watch,2
hill,2
summer,2
walker,2
sumn,2
idc,2
built,2
top,2
singer,2
youâ€,2
turn,2
â€œyeah,2
heavy,2
party,2
early,2
brows,2
instagram,2
pick,2
remind,2
id,2
â€œiâ€™m,2
bitchâ€,2
cut,2
played,2
lyric,2
coryhelie,2
dk,2
police,2
truck,2
halsey,2
ğŸ¥°,2
nearly,2
yep,2
clothes,2
win,2
yet,2
girlgoneboss,2
old,2
memes,2
wasnt,2
action,2
hopefully,2
true,2
bts,2
pop,2
lead,2
asking,2
successful,2
cunt,2
stuff,2
manipulative,2
victim,2
list,2
gives,2
rejects,2
takes,2
tonight,2
blow,2
pink,2
earn,2
giving,2
feels,2
special,2
alright,2
videos,2
favorite,2
albums,2
blue,2
noise,2
front,2
moment,2
control,2
kelz,2
annoyed,2
ariana,2
actual,2
lets,2
realize,2
bitchâ€™,2
pig,2
claiming,2
purple,2
conversation,2
learned,2
push,2
enough,2
lyrics,2
different,2
fantastic,2
trash,2
inside,2
important,2
matter,2
effort,2
idea,2
become,2
hetero,2
decades,2
blows,2
putting,2
marry,2
industry,2
feelings,2
spend,2
next,2
dua,2
lipa,2
kesha,2
lady,2
maniac,2
maybe,2
popheadscirclejerk,2
grown,2
permission,2
allowed,2
gays,2
deleted,2
â€œfriendâ€,2
likes,2
tells,2
joke,2
confused,2
discord,2
op,2
bot,2
shouldâ€™ve,2
happened,2
young,2
sometimes,2
petty,2
yea,2
letters,2
simple,2
monet,2
magically,2
experience,2
porn,2
adult,2
uses,2
sex,2
bare,2
male,2
promotes,2
kevin,2
bought,2
massive,2
phobic,2
chose,2
sedentary,2
choices,2
sugar,2
order,2
goddamn,2
forced,2
lazy,2
jesus,2
stranger,2
grow,2
brave,2
noticed,2
licking,2
soles,2
jerked,2
jerking,2
hes,2
force,2
believing,2
judging,2
route,2
motivate,2
stopped,2
incel,2
muscle,2
pic,1
bomb,1
popular,1
percent,1
bihh,1
bigger,1
mountain,1
ğŸ¥µğŸ¥µ,1
noooo,1
beautifulllllllllâ¤ï¸â¤ï¸â¤ï¸â¤ï¸â¤ï¸ğŸ˜,1
lizzobeeating,1
request,1
athletic,1
ivy,1
upset,1
ape,1
praise,1
bathingsuit,1
â€œblack,1
girlâ€,1
â€œwhite,1
dudeâ€,1
juicyfruit,1
wtfğŸ¤¢,1
ouudatsleah,1
taleah,1
af,1
ğŸ¤®ğŸ¤®ğŸ¤®ğŸ¤®ğŸ¤®ğŸ¤®ğŸ¤®ğŸ¤®ğŸ¤®ğŸ¤®ğŸ¤®ğŸ¤®,1
mothers,1
shibsibs,1
la,1
hollywood,1
destroy,1
theyve,1
destroyed,1
mine,1
died,1
covid,1
morons,1
flu,1
serious,1
mask,1
practice,1
distancing,1
wash,1
hands,1
disinfect,1
surfaces,1
often,1
alex,1
morin,1
ben,1
bielski,1
youâ€˜re,1
andrew,1
hygaard,1
h,1
almost,1
hahahğŸ’–âœ¨,1
educate,1
began,1
chinese,1
projecting,1
bars,1
doorâ€,1
â€œyoure,1
version,1
lizzoâ€,1
wonderful,1
lucid,1
compare,1
insult,1
compliment,1
hello,1
â€œbigâ€,1
concern,1
shrimp,1
receiving,1
card,1
reach,1
final,1
ğŸ‘€â¤ï¸,1
savlcal,1
rant,1
triggered,1
ckingerylpd,1
stubishoplpd,1
officiallivepd,1
livepdfans,1
danabrams,1
seanclarkin,1
dance,1
livepd,1
joshua,1
fortnite,1
petworthot,1
cake,1
fellow,1
berny,1
bernerd,1
â€œbernyâ€,1
saunders,1
â€œnâ€,1
word,1
fellas,1
chat,1
â€œlizzo,1
deadass,1
mayoasspete,1
endorsing,1
policy,1
finna,1
cover,1
dumthicc,1
assâ€™,1
rascal,1
scooterâ€,1
â€œthese,1
freakin,1
btches,1
otp,1
randomly,1
â€œwhy,1
zirailii,1
harassment,1
deactivated,1
joebuddenpod,1
ğŸ˜‚ğŸ˜‚ğŸ˜‚ğŸ˜‚ğŸ˜‚,1
ny,1
tyler,1
billie,1
brit,1
awards,1
jillianmichaels,1
none,1
celebrates,1
inspires,1
celebrate,1
weirdest,1
test,1
basedspec,1
neutralface,1
ğŸ’›ğŸ¥º,1
wasnâ€™t,1
kevpng,1
tazeify,1
paying,1
xfldefenders,1
def,1
michael,1
jordan,1
yourselfâ€,1
hundred,1
porcent,1
crying,1
tobeyworld,1
breath,1
licked,1
butthole,1
serotonin,1
treat,1
waiting,1
bless,1
rebecca,1
gon,1
lie,1
yellin,1
cheatin,1
makin,1
goin,1
target,1
lakers,1
enters,1
ate,1
bikini,1
ex,1
ğŸ¤¦ğŸ¾â€â™€ï¸,1
ğŸ˜¢ğŸ˜‚,1
pagesix,1
dyin,1
imma,1
houston,1
stubhubs,1
theymadeagrip,1
igettoseelizzo,1
dgaf,1
betray,1
buukikiii,1
tokyoinpain,1
hey,1
step,1
gunna,1
ğŸ˜­ğŸ˜­ğŸ˜­,1
gettin,1
veal,1
meal,1
prank,1
bodyshamed,1
pushed,1
forgot,1
door,1
toss,1
check,1
nails,1
feelin,1
coronavirus,1
huh,1
sang,1
rap,1
aoc,1
whoopi,1
goldberg,1
creamer,1
drake,1
bm,1
baddie,1
rha,1
kymurda,1
fuk,1
consideration,1
grammys,1
universally,1
recognizes,1
manufactured,1
crook,1
flaute,1
ğŸ’—,1
extra,1
gutfoxx,1
batting,1
badğŸ¤£ğŸ¤£ğŸ¤£,1
cakes,1
flat,1
yooo,1
cussed,1
remembered,1
blueface,1
flopped,1
blucefacebleedem,1
conanathome,1
nationaldoctorsday,1
nomoredreamiscoming,1
thelockdown,1
drakes,1
lwn,1
thanks,1
supporting,1
city,1
ğŸ’œğŸ’œ,1
pretend,1
grilling,1
grill,1
â€œwoo,1
dust,1
shoulders,1
movingâ€,1
ğŸ‘‘ğŸ‘â¤ï¸,1
dumbjoy,1
tweeted,1
digging,1
grave,1
shitting,1
lately,1
amount,1
needs,1
appreciation,1
threadsâ€,1
differentlyğŸ¤¢,1
ğŸ˜’,1
downbadlulu,1
therapyy,1
deliberately,1
miss,1
musty,1
argument,1
harassing,1
tweet,1
unfollow,1
whoever,1
rtâ€™d,1
liked,1
unprovoked,1
insecure,1
lives,1
follow,1
recall,1
waka,1
flocka,1
performing,1
shirt,1
boxers,1
streaks,1
shart,1
outrage,1
clapping,1
shorts,1
trending,1
everyones,1
fed,1
lotuslyci,1
aids,1
jus,1
ti,1
onlyfans,1
tl,1
tryna,1
flubber,1
sideways,1
leaving,1
em,1
asses,1
bold,1
sassy,1
bossaf,1
â¤ğŸ™âœŒ,1
speaks,1
physically,1
mentally,1
mam,1
arenâ€™t,1
born,1
xorfn,1
itâ€™ll,1
introduce,1
ğŸ’¯ğŸ˜³,1
minding,1
skin,1
dusty,1
chunkysock,1
tayorinde,1
icedoutomnitrix,1
whoâ€™s,1
fatter,1
titties,1
place,1
Ê°áµƒáµ—áµ‰Ê³Ë¢,1
ankle,1
glblctzn,1
everything,1
everyğŸ‘fucking,1
ğŸ‘thingğŸ™Œ,1
lookğŸŒ,1
itgirlkarmella,1
pigs,1
privileged,1
alway,1
worry,1
uglyhearted,1
uglyminded,1
â€˜fat,1
artist,1
â€˜gay,1
marked,1
communist,1
overboard,1
seeking,1
tolerance,1
herselfğŸ¤·ğŸ¾â€â™€ï¸,1
sis,1
weighed,1
moreâ¤ï¸â¤ï¸,1
dress,1
celebrity,1
breathing,1
lingerie,1
praised,1
gorgeouseb,1
rocked,1
period,1
performances,1
filled,1
dancing,1
instruments,1
skipping,1
bands,1
ways,1
mimistheone,1
frying,1
ğŸ˜‚ğŸ˜‚ğŸ˜‚ğŸ˜‚ğŸ˜‚ğŸ˜‚,1
risk,1
shin,1
splints,1
running,1
basketball,1
carried,1
knees,1
otherwise,1
ariğŸ’€,1
â€œitâ€™s,1
demean,1
bully,1
fatphobicâ€,1
strawmantwitter,1
â€œbut,1
sm,1
ruffwizard,1
growing,1
snickers,1
thru,1
alot,1
process,1
glorify,1
ima,1
youll,1
later,1
focus,1
physical,1
flaws,1
rich,1
appreciate,1
appreciates,1
motherfucker,1
utterly,1
example,1
stoooopid,1
equivalencies,1
blatant,1
abuse,1
faces,1
irritating,1
lots,1
light,1
dull,1
shine,1
ğŸ’–ğŸ’–,1
ppls,1
affect,1
image,1
triggering,1
congrats,1
musi,1
youd,1
attacking,1
prolly,1
bullet,1
gat,1
safetyğŸ˜­ğŸ˜­ğŸ˜­,1
aunties,1
grandmas,1
slick,1
steady,1
dislike,1
block,1
default,1
willingly,1
admit,1
someoneâ€™s,1
loser,1
click,1
â€œunattractiveâ€,1
ridiculed,1
regardless,1
newyorkminute,1
lying,1
room,1
nicely,1
greased,1
bent,1
hittinâ€™,1
whos,1
existing,1
da,1
bein,1
encouraged,1
yalls,1
celebrated,1
carlitoes,1
ğŸ™„ğŸ¤®,1
timmy,1
tommy,1
reactive,1
brain,1
activity,1
packâ€™s,1
blickdamian,1
rfpcrawford,1
kelsxxxo,1
havenâ€™t,1
points,1
thongs,1
discussions,1
nastynarsss,1
content,1
acceptable,1
dip,1
waist,1
throws,1
smells,1
cornships,1
expired,1
queso,1
pls,1
yuhscio,1
frostedflackos,1
twerks,1
ğŸ˜,1
suggest,1
hustle,1
flow,1
zaehd,1
ceo,1
small,1
stauber,1
ice,1
manny,1
sanchez,1
grlwood,1
worldstar,1
joji,1
verbatim,1
roses,1
outkast,1
oliver,1
tree,1
dani,1
california,1
chili,1
peppers,1
worried,1
proceed,1
fiancÃ©,1
rippin,1
explains,1
tooğŸ¤£,1
nut,1
jobs,1
freight,1
train,1
pelvic,1
bone,1
nowplaying,1
gold,1
badguynelson,1
â£ï¸,1
atlanticrecords,1
sexyğŸ˜ğŸ¤¤,1
shordy,1
mcdonaldâ€™s,1
sandwich,1
assâ€,1
lmaoooo,1
duh,1
everybody,1
itscjpayne,1
sparklesqt,1
lizzomynizzo,1
ğŸ’•,1
skrtonken,1
iggy,1
unfollowed,1
wise,1
thatericalper,1
playgurlbuffy,1
blackface,1
â€¢,1
gio,1
whytryphan,1
bhbreezy,1
teambh,1
ğŸ¤,1
pigwaldorf,1
missed,1
beginning,1
owe,1
eltonofficial,1
shoulda,1
wearing,1
ğŸ¤£ğŸ¤£ğŸ¤£ğŸ¤£,1
females,1
pulling,1
blindside,1
td,1
nomfundonjabulo,1
howâ€™d,1
lizzoğŸ˜­,1
willing,1
write,1
commissioning,1
features,1
repeat,1
heelyshirt,1
sexyy,1
zaydevon,1
screamed,1
lace,1
panties,1
ğŸ˜ğŸ¤¤,1
ha,1
ğŸ’¯,1
trump,1
stream,1
hilarious,1
fucktots,1
laugh,1
beingâ€¦,1
strange,1
arguing,1
rampb,1
Â¿,1
â€œcause,1
ğŸ—£,1
cryinnn,1
looooovvveeee,1
youuuuğŸ¶,1
instrumental,1
intro,1
tammieetc,1
theestallion,1
monumentally,1
drakuletteblm,1
texaverde,1
btstwt,1
meant,1
jinkook,1
smiling,1
perform,1
selena,1
clown,1
importantly,1
theholsendolph,1
ğŸ™ˆğŸ˜ğŸ¤¤,1
theehottersiren,1
mrmustbme,1
sharonbmills,1
circles,1
peoples,1
frankie,1
muniz,1
sitting,1
wheres,1
justice,1
caughtmeinagaze,1
rxyymond,1
ğŸ˜,1
heavyâ€,1
naw,1
ending,1
breakup,1
jammed,1
karaoke,1
yonce,1
esthetician,1
vomit,1
cry,1
tears,1
ğŸ˜©ğŸ¥º,1
touched,1
brow,1
ğŸ˜©,1
tbh,1
struggle,1
ğŸ¤£ğŸ¤£ğŸ¤£,1
kferrdc,1
moodystickers,1
roadrageshawty,1
perisno,1
lord,1
dedicated,1
amazing,1
albert,1
cedric,1
entertainer,1
lavell,1
crawford,1
cawgianna,1
anthem,1
alike,1
ğŸ—¿,1
tackle,1
balls,1
continuing,1
spectrum,1
whack,1
nerdythor,1
drummyt,1
cowgirlbeebop,1
wholeass,1
apocalypse,1
dealing,1
truthhurts,1
incredible,1
salad,1
farina,1
thicc,1
knife,1
learn,1
cook,1
guess,1
publicly,1
nation,1
tv,1
ğŸ™ƒ,1
myplaylist,1
ğŸ˜âœ¨ğŸ˜˜,1
saygrace,1
ğŸ˜¤ğŸ¥±ğŸ˜’,1
louwrotewalls,1
ğŸ™„ğŸ‘,1
alkaline,1
trio,1
nazi,1
punks,1
ariaofficial,1
updatehld,1
dualipa,1
eminem,1
harrystyles,1
juiceworlddd,1
justinbieber,1
lewiscapaldi,1
theweeknd,1
king,1
pull,1
across,1
ğŸ¤˜ğŸ¼,1
outraged,1
conventionally,1
rih,1
defense,1
en,1
masse,1
cupcakke,1
louisseyebrow,1
ğŸ™Œ,1
banned,1
facebook,1
quoting,1
zoinks,1
days,1
fucker,1
zues,1
pockets,1
Â¡,1
facts,1
classy,1
stylist,1
invest,1
wont,1
jail,1
sim,1
petebuttigieg,1
quote,1
afğŸ¥°ğŸ¤ª,1
ğŸ¤©,1
simpgogy,1
lmfao,1
catch,1
drag,1
ğŸ˜­ğŸ˜­ğŸ˜­ğŸ˜­,1
hermosaprivada,1
shamed,1
fair,1
hutchleah,1
yesaurielle,1
unaware,1
ignored,1
history,1
aye,1
childish,1
collab,1
clowns,1
apps,1
smdh,1
snowcrabs,1
norms,1
elizabeth,1
eliza,1
msfayebishop,1
iheartradio,1
kno,1
stachional,1
ğŸ¼,1
bullying,1
completely,1
pressured,1
ğŸ˜•,1
dionysusxcvii,1
itzyaboyy,1
kaseygirlbye,1
benjvmins,1
mmm,1
retweet,1
swâ€™s,1
decayingcum,1
lexiartistry,1
lilkowch,1
ğŸ§¡,1
pisses,1
tomcruise,1
months,1
entry,1
afterwards,1
allie,1
xs,1
cape,1
era,1
imgur,1
unacquainted,1
fanbase,1
ofc,1
member,1
overall,1
associate,1
yh,1
blackpink,1
extremely,1
underrated,1
dean,1
considering,1
postmates,1
delivery,1
driver,1
doxxed,1
weather,1
writing,1
â€œhonestly,1
reading,1
wtfâ€,1
fck,1
oprah,1
mix,1
elephants,1
package,1
alphabet,1
soup,1
smarter,1
sean,1
ooh,1
om,1
wife,1
cheated,1
gaslit,1
threatened,1
suicide,1
emotionally,1
narcissists,1
happiness,1
dragons,1
middle,1
jimmy,1
majestic,1
wax,1
fang,1
pompeii,1
ends,1
ceelo,1
green,1
kiss,1
linkin,1
box,1
actaullys,1
cares,1
mid,1
projects,1
dropped,1
charted,1
hype,1
blind,1
releases,1
usually,1
singles,1
nonargument,1
amazed,1
realise,1
patronising,1
worship,1
shed,1
fatass,1
forcing,1
pride,1
bs,1
trophy,1
awwww,1
honest,1
certainly,1
pants,1
fag,1
unironically,1
quit,1
platform,1
baing,1
deal,1
livestreams,1
singers,1
homes,1
bunch,1
broadway,1
circa,1
surviveâ€™s,1
sky,1
tomorrow,1
dating,1
brains,1
totally,1
bus,1
nerve,1
rhonda,1
jumping,1
assumption,1
freak,1
hours,1
knowing,1
misinformation,1
flirting,1
hated,1
â€œbad,1
friendâ€,1
move,1
ownership,1
crawling,1
despite,1
forgive,1
embarrassed,1
apologize,1
looooong,1
behavior,1
shameless,1
frick,1
frack,1
sub,1
angry,1
fixed,1
strokes,1
buy,1
comedown,1
machine,1
carole,1
baskin,1
florida,1
â€˜bad,1
â€˜that,1
teddy,1
bearâ€™s,1
â€˜kill,1
nowâ€™,1
feeders,1
encouraging,1
death,1
murderer,1
suuuuweeeee,1
cmon,1
course,1
seeded,1
bandana,1
mountains,1
charli,1
stg,1
pc,1
heads,1
hi,1
gecs,1
aoty,1
downvoting,1
quarantine,1
worse,1
income,1
car,1
defected,1
worth,1
repairing,1
pass,1
safety,1
fiance,1
waste,1
number,1
lover,1
lmow,1
ğŸ˜‚ğŸ¥°,1
able,1
staying,1
anyway,1
volition,1
demi,1
exdisney,1
acts,1
discography,1
anyoneâ€™s,1
stan,1
eternity,1
five,1
notes,1
rhythm,1
tricky,1
newest,1
obsession,1
tripper,1
pos,1
eh,1
corporate,1
propaganda,1
meaningless,1
elses,1
biphobic,1
hearing,1
songâ€,1
â€œme,1
honestlyâ€”pick,1
â€œuncertainâ€,1
â€œunprecedentedâ€,1
times,1
wall,1
vin,1
scully,1
â€œgrand,1
slam,1
ball,1
yeeted,1
outer,1
space,1
finish,1
coding,1
project,1
freaking,1
procrastinating,1
assignment,1
mentality,1
exactly,1
classes,1
worthless,1
offended,1
perpetuates,1
bisexuality,1
temporary,1
dealt,1
mindset,1
mainstream,1
existed,1
tennessee,1
overpriced,1
wth,1
ittt,1
mac,1
kidneys,1
childhood,1
toxicity,1
tore,1
essay,1
therapy,1
session,1
tough,1
open,1
bottle,1
kept,1
awful,1
pain,1
rock,1
hole,1
behaviour,1
drama,1
tear,1
jealously,1
travel,1
swift,1
bathroom,1
brenda,1
objectively,1
personally,1
blamer,1
gather,1
delusional,1
kindest,1
generous,1
musicians,1
talent,1
success,1
username,1
vent,1
psychotic,1
possible,1
exist,1
switch,1
doja,1
cat,1
hallucinate,1
gaga,1
hat,1
sofi,1
tukker,1
conan,1
gray,1
raising,1
greedy,1
grande,1
sms,1
bangerz,1
miley,1
cyrus,1
elon,1
musk,1
followers,1
ignore,1
guillotine,1
fionaâ€˜s,1
fighting,1
enjoy,1
masculinity,1
overthinking,1
sensitive,1
slow,1
share,1
crush,1
friendly,1
patient,1
eventually,1
uncaring,1
automod,1
copy,1
record,1
originally,1
written,1
edited,1
contacting,1
mod,1
aita,1
explanation,1
science,1
weâ€™re,1
freshmen,1
grade,1
weeks,1
facetime,1
sake,1
send,1
latterly,1
late,1
sent,1
â€œok,1
â€œeh,1
heâ€™ll,1
unblock,1
laterâ€,1
xbox,1
boils,1
hehe,1
chicken,1
nuggets,1
heheâ€,1
blocks,1
forward,1
topic,1
â€œadd,1
explanationâ€,1
adds,1
answering,1
â€œhey,1
dieâ€,1
scared,1
join,1
â€œyou,1
emily,1
format,1
easier,1
mewhy,1
neither,1
ci,1
brotherâ€™s,1
swearing,1
kid,1
price,1
reads,1
automatically,1
moderators,1
subreddit,1
compose,1
amitheasshole,1
questions,1
concerns,1
texting,1
imitating,1
younger,1
refusing,1
speak,1
esh,1
explain,1
redditors,1
asked,1
fix,1
overreact,1
admitting,1
offense,1
ish,1
unblocking,1
humans,1
names,1
bob,1
john,1
lucy,1
juul,1
gen,1
z,1
lipsyncing,1
kids,1
jujubee,1
admitted,1
purpose,1
um,1
excited,1
untucked,1
calm,1
highkey,1
showed,1
lit,1
â€™s,1
bothered,1
low,1
lipsyncs,1
monets,1
personal,1
xx,1
blonde,1
eyes,1
apparently,1
microaggressed,1
overly,1
defensive,1
whites,1
thoughts,1
compelling,1
whether,1
actively,1
contribute,1
objective,1
observation,1
resources,1
study,1
â€œmy,1
tastes,1
colaâ€,1
chris,1
brown,1
blackballed,1
theme,1
beg,1
crap,1
brackets,1
amir,1
clip,1
â€œall,1
sameâ€,1
outro,1
keyboard,1
ğŸ‘€ğŸ‘€ğŸ‘€,1
unpopular,1
internalized,1
result,1
inherently,1
â€œpigâ€,1
equal,1
guilty,1
hour,1
ambient,1
terrible,1
throbbing,1
gristle,1
interesting,1
bland,1
bandcamp,1
busted,1
insta,1
goddess,1
buddy,1
bj,1
sugging,1
dig,1
bitter,1
thinks,1
emotion,1
walked,1
future,1
nostalgia,1
reviews,1
itunes,1
imo,1
personâ€™s,1
stunning,1
â¤ï¸,1
degenerates,1
screw,1
youth,1
stripper,1
wet,1
award,1
dr,1
suess,1
offensive,1
random,1
addled,1
star,1
lip,1
sync,1
sucking,1
prob,1
ik,1
issue,1
womanâ€™s,1
boobs,1
hippo,1
hoe,1
sexuality,1
gains,1
slut,1
semantics,1
sheer,1
clothing,1
cringe,1
kim,1
worked,1
quinn,1
character,1
dressing,1
punk,1
rocker,1
dyed,1
â€œquinn,1
ruin,1
lifeâ€,1
â€œcool,1
shitâ€,1
nope,1
botched,1
santana,1
couldâ€™ve,1
duet,1
uplifting,1
obese,1
shouldnâ€™t,1
brought,1
caz,1
sjeletan,1
meen,1
ğŸ˜­ğŸ˜­ğŸ˜­ğŸ˜‚ğŸ˜­ğŸ˜­ğŸ˜­ğŸ˜­ğŸ˜¡ğŸ˜¡ğŸ˜¡ğŸ˜¢ğŸ˜¡ğŸ˜¡ğŸ˜¡ğŸ˜¡â˜¹ï¸ğŸ˜­ğŸ˜¢ğŸ˜“ğŸ˜±ğŸ˜±ğŸ˜±ğŸ–•ğŸ–•ğŸ–•,1
sound,1
superficial,1
dramatic,1
gifts,1
restaurants,1
gave,1
cookies,1
demanded,1
stalker,1
liar,1
stalks,1
messed,1
stalking,1
someones,1
digress,1
upload,1
girlfriend,1
burning,1
sized,1
alongğŸ‘€,1
props,1
weightâœŒğŸ»,1
decide,1
refuse,1
prejudiced,1
â€œoh,1
retirement,1
cancel,1
arguably,1
due,1
lack,1
thereof,1
credit,1
responsible,1
consequence,1
reminds,1
failures,1
fairly,1
certain,1
term,1
chosen,1
genuine,1
medical,1
genetic,1
reasons,1
latter,1
category,1
berate,1
extent,1
overnight,1
processed,1
quickly,1
incredibly,1
dietary,1
changes,1
added,1
commend,1
puts,1
admiration,1
responsibility,1
â€œfat,1
phobicâ€,1
ironic,1
habits,1
realized,1
finding,1
earlier,1
political,1
democratic,1
motherfuckers,1
badly,1
trumps,1
retarded,1
godsend,1
detox,1
newage,1
chest,1
pains,1
afraid,1
accuse,1
garabage,1
reality,1
nyaaaaaa,1
attempting,1
delete,1
filthy,1
interview,1
interviewer,1
posing,1
nude,1
skip,1
daaaaaaamn,1
recently,1
pointed,1
difference,1
selflove,1
maintain,1
loathing,1
serial,1
yoyo,1
dieter,1
pounds,1
resolved,1
multiple,1
abs,1
maintained,1
sends,1
bird,1
erics,1
havent,1
werent,1
indoctrinated,1
antisjw,1
hivemind,1
keeps,1
super,1
horny,1
jerkin,1
toes,1
load,1
meaty,1
arches,1
filmed,1
posted,1
youtube,1
dickpooping,1
cahoots,1
saw,1
backroom,1
doctors,1
office,1
nutting,1
nipples,1
notice,1
knows,1
davie,1
cocker,1
gain,1
executive,1
might,1
hungry,1
hed,1
voluntarily,1
four,1
approving,1
themed,1
films,1
anal,1
prolapse,1
glory,1
holes,1
suspicion,1
rectal,1
infrastructure,1
fathers,1
stimulate,1
penis,1
cattle,1
prod,1
entire,1
grandpa,1
dog,1
lindsay,1
graham,1
square,1
public,1
boypussy,1
national,1
currency,1
upon,1
sexy,1
gotta,1
hold,1
onto,1
yup,1
grandfather,1
movement,1
carry,1
everywhere,1
general,1
aware,1
staring,1
belong,1
normal,1
theres,1
cannot,1
judgment,1
biking,1
neighborhood,1
morning,1
major,1
street,1
traffic,1
peddling,1
behold,1
passed,1
leaned,1
window,1
yelled,1
spanish,1
laughed,1
shittier,1
selfconscious,1
rode,1
plenty,1
cold,1
dark,1
etc,1
mounting,1
horse,1
judged,1
daily,1
hourly,1
basis,1
decent,1
beings,1
accepting,1
naÃ¯ve,1
perfectly,1
cost,1
lay,1
deep,1
territory,1
gracefully,1
gal,1
pals,1
rest,1
sense,1
entitlement,1
pretentious,1
standards,1
short,1
hypocrite,1
acknowledged,1
fold,1
crumble,1
mexican,1
mexico,1
whistle,1
yell,1
ages,1
bicycle,1
ride,1
complaining,1
packing,1
lean,1
mass,1
harder,1
equation,1
burn,1
calories,1
bitching,1
attracted,1
date,1
pointing,1
observed,1
experienced,1
clear,1
muscular,1
approached,1
kind,1
arrogant,1
attitudes,1
turnoff,1
expensive,1
however,1
problems,1
caused,1
directly,1
obesity,1
disease,1
costing,1
billion,1
dollars,1
per,1
argue,1
ugk,1
tempting,1
kinds,1
stroke,1
lily,1
allen,1
â€œfuck,1
wheeler,1
jr,1
stevie,1
wonder,1
week,1
mammy,1
stereotype,1
nurturing,1
surrogate,1
strike,1
sorts,1
qualities,1
ho,1
youthe,1
cataracs,1
ğŸ‘ŒğŸ¾,1
â€˜fuck,1
gherkinsâ€™,1
uranus,1
phcj,1
beard,1
style,1
